-- phpMyAdmin SQL Dump
-- version 6.0.0-dev+20250718.d42db65a1e
-- https://www.phpmyadmin.net/
--
-- Host: localhost:3306
-- Generation Time: Oct 24, 2025 at 02:36 AM
-- Server version: 8.4.3
-- PHP Version: 8.4.5

SET SQL_MODE = "NO_AUTO_VALUE_ON_ZERO";
START TRANSACTION;
SET time_zone = "+00:00";


/*!40101 SET @OLD_CHARACTER_SET_CLIENT=@@CHARACTER_SET_CLIENT */;
/*!40101 SET @OLD_CHARACTER_SET_RESULTS=@@CHARACTER_SET_RESULTS */;
/*!40101 SET @OLD_COLLATION_CONNECTION=@@COLLATION_CONNECTION */;
/*!40101 SET NAMES utf8mb4 */;

--
-- Database: `atmos_database`
--

-- --------------------------------------------------------

--
-- Table structure for table `academic_years`
--

CREATE TABLE `academic_years` (
  `id` int NOT NULL,
  `academic_year` varchar(20) COLLATE utf8mb4_unicode_ci NOT NULL,
  `status` enum('active','inactive') COLLATE utf8mb4_unicode_ci NOT NULL,
  `created_at` timestamp NOT NULL DEFAULT CURRENT_TIMESTAMP,
  `updated_at` timestamp NULL DEFAULT CURRENT_TIMESTAMP ON UPDATE CURRENT_TIMESTAMP
) ENGINE=InnoDB DEFAULT CHARSET=utf8mb4 COLLATE=utf8mb4_unicode_ci;

--
-- Dumping data for table `academic_years`
--

INSERT INTO `academic_years` (`id`, `academic_year`, `status`, `created_at`, `updated_at`) VALUES
(86, '2024-2025', 'active', '2024-02-25 17:57:48', '2024-03-29 12:46:13'),
(106, '2025-2026', 'active', '2024-03-15 06:42:28', '2024-03-16 10:52:48'),
(110, '2026-2027', 'active', '2024-03-17 13:53:17', '2024-03-29 12:32:12');

-- --------------------------------------------------------

--
-- Table structure for table `attendance`
--

CREATE TABLE `attendance` (
  `id` int NOT NULL,
  `college_student_id` int DEFAULT NULL,
  `senior_high_student_id` int DEFAULT NULL,
  `faculty_id` int DEFAULT NULL,
  `event_id` int NOT NULL,
  `time_in` time DEFAULT NULL,
  `time_out` time DEFAULT NULL,
  `created_at` timestamp NOT NULL DEFAULT CURRENT_TIMESTAMP,
  `updated_at` timestamp NOT NULL DEFAULT CURRENT_TIMESTAMP ON UPDATE CURRENT_TIMESTAMP
) ENGINE=InnoDB DEFAULT CHARSET=utf8mb4 COLLATE=utf8mb4_unicode_ci;

-- --------------------------------------------------------

--
-- Table structure for table `collegestudents`
--

CREATE TABLE `collegestudents` (
  `ID` int NOT NULL,
  `IdentificationNumber` varchar(100) COLLATE utf8mb4_unicode_ci NOT NULL,
  `FirstName` varchar(255) CHARACTER SET utf8mb4 COLLATE utf8mb4_unicode_ci NOT NULL,
  `LastName` varchar(255) CHARACTER SET utf8mb4 COLLATE utf8mb4_unicode_ci NOT NULL,
  `Email` varchar(255) COLLATE utf8mb4_unicode_ci NOT NULL,
  `CourseID` int NOT NULL,
  `LevelID` int NOT NULL,
  `created_at` timestamp NOT NULL DEFAULT CURRENT_TIMESTAMP,
  `updated_at` timestamp NOT NULL DEFAULT CURRENT_TIMESTAMP ON UPDATE CURRENT_TIMESTAMP
) ENGINE=InnoDB DEFAULT CHARSET=utf8mb4 COLLATE=utf8mb4_unicode_ci;

--
-- Dumping data for table `collegestudents`
--

INSERT INTO `collegestudents` (`ID`, `IdentificationNumber`, `FirstName`, `LastName`, `Email`, `CourseID`, `LevelID`, `created_at`, `updated_at`) VALUES
(1, '24-1-2458', 'ALTHEA', 'ABCEDE', '24', 1, 1, '2025-10-24 01:02:27', '2025-10-24 01:02:27'),
(2, '24-1-2378', 'LOVELY', 'ABRERA', '24', 1, 1, '2025-10-24 01:02:27', '2025-10-24 01:02:27'),
(3, '24-1-1702', 'SUNNY JR.', 'BAGASALA', '24', 1, 1, '2025-10-24 01:02:27', '2025-10-24 01:02:27'),
(4, '24-1-1697', 'DIONISIO JR.', 'BAGASALA', '24', 1, 1, '2025-10-24 01:02:27', '2025-10-24 01:02:27'),
(5, '24-1-0886', 'ROSE ANN', 'BALARES', '24', 1, 1, '2025-10-24 01:02:27', '2025-10-24 01:02:27'),
(6, '24-1-2849', 'MARY GRACE', 'BALLEBAR', '24', 1, 1, '2025-10-24 01:02:27', '2025-10-24 01:02:27'),
(7, '24-1-1683', 'JEAN', 'BASADA', '24', 1, 1, '2025-10-24 01:02:27', '2025-10-24 01:02:27'),
(8, '24-1-2432', 'JANAH PAULINE', 'BAYRANTE', '24', 1, 1, '2025-10-24 01:02:27', '2025-10-24 01:02:27'),
(9, '24-1-0884', 'MJ', 'BEJERAS', '24', 1, 1, '2025-10-24 01:02:27', '2025-10-24 01:02:27'),
(10, '24-1-0809', 'ANGELO', 'BENOSA', '24', 1, 1, '2025-10-24 01:02:27', '2025-10-24 01:02:27'),
(11, '24-1-0281', 'IRISH MAE', 'BERCASIO', '24', 1, 1, '2025-10-24 01:02:27', '2025-10-24 01:02:27'),
(12, '24-1-1687', 'CLARISSE', 'BIGAY', '24', 1, 1, '2025-10-24 01:02:27', '2025-10-24 01:02:27'),
(13, '24-1-2370', 'NERISSA JANE', 'BOLALIN', '24', 1, 1, '2025-10-24 01:02:27', '2025-10-24 01:02:27'),
(14, '24-1-2416', 'REGINE', 'BOMALAY', '24', 1, 1, '2025-10-24 01:02:27', '2025-10-24 01:02:27'),
(15, '24-1-1685', 'MIKA ANGEL', 'BORSONG', '24', 1, 1, '2025-10-24 01:02:27', '2025-10-24 01:02:27'),
(16, '24-1-2368', 'IVAN', 'BRAZAL', '24', 1, 1, '2025-10-24 01:02:27', '2025-10-24 01:02:27'),
(17, '24-1-2366', 'ESTEPHANY', 'BRUCA', '24', 1, 1, '2025-10-24 01:02:27', '2025-10-24 01:02:27'),
(18, '22-1-0444', 'JHON MARK', 'BRUCA', '22', 1, 1, '2025-10-24 01:02:27', '2025-10-24 01:02:27'),
(19, '24-1-0894', 'KATE MARGARET', 'BUBAN', '24', 1, 1, '2025-10-24 01:02:27', '2025-10-24 01:02:27'),
(20, '24-1-0256', 'VANESSA', 'BURGOS', '24', 1, 1, '2025-10-24 01:02:27', '2025-10-24 01:02:27'),
(21, '24-1-0800', 'REALYN', 'CALUYO', '24', 1, 1, '2025-10-24 01:02:27', '2025-10-24 01:02:27'),
(22, '24-1-0254', 'ADELA SUZANNE', 'CAMPA', '24', 1, 1, '2025-10-24 01:02:27', '2025-10-24 01:02:27'),
(23, '24-1-2848', 'JENYVIE', 'CATANGUE', '24', 1, 1, '2025-10-24 01:02:27', '2025-10-24 01:02:27'),
(24, '24-1-2411', 'JONEL NICO', 'DELLORO', '24', 1, 1, '2025-10-24 01:02:27', '2025-10-24 01:02:27'),
(25, '24-1-0896', 'JENILYN', 'DIPACULANG', '24', 1, 1, '2025-10-24 01:02:27', '2025-10-24 01:02:27'),
(26, '24-1-1714', 'JOSHUA', 'DOCOT', '24', 1, 1, '2025-10-24 01:02:27', '2025-10-24 01:02:27'),
(27, '24-1-2853', 'LEANARD', 'ELANO', '24', 1, 1, '2025-10-24 01:02:27', '2025-10-24 01:02:27'),
(28, '24-1-2429', 'CLINT JONAS', 'FABREGA', '24', 1, 1, '2025-10-24 01:02:27', '2025-10-24 01:02:27'),
(29, '24-1-0902', 'REGINE ANGELA', 'FAJARDO', '24', 1, 1, '2025-10-24 01:02:27', '2025-10-24 01:02:27'),
(30, '24-1-0795', 'NICAELLA', 'GONOWON', '24', 1, 1, '2025-10-24 01:02:27', '2025-10-24 01:02:27'),
(31, '24-1-0282', 'ELLAINE', 'GUAVES', '24', 1, 1, '2025-10-24 01:02:27', '2025-10-24 01:02:27'),
(32, '24-1-0810', 'JANINE', 'GUILARAN', '24', 1, 1, '2025-10-24 01:02:27', '2025-10-24 01:02:27'),
(33, '24-1-1690', 'JESSICA', 'IMPERIAL', '24', 1, 1, '2025-10-24 01:02:27', '2025-10-24 01:02:27'),
(34, '24-1-0820', 'FRANCINE MAE', 'LLAGAS', '24', 1, 1, '2025-10-24 01:02:27', '2025-10-24 01:02:27'),
(35, '24-1-0822', 'MARY FRANCE', 'LLAGAS', '24', 1, 1, '2025-10-24 01:02:27', '2025-10-24 01:02:27'),
(36, '24-1-1706', 'KARYLLE', 'LLAMELO', '24', 1, 1, '2025-10-24 01:02:27', '2025-10-24 01:02:27'),
(37, '24-1-2420', 'BRENTLY GARETH', 'MARTINEZ', '24', 1, 1, '2025-10-24 01:02:28', '2025-10-24 01:02:28'),
(38, '24-1-2434', 'ALEXUS', 'MASARATE', '24', 1, 1, '2025-10-24 01:02:28', '2025-10-24 01:02:28'),
(39, '23-1-2142', 'EUNICE', 'MONTE', '23', 1, 1, '2025-10-24 01:02:28', '2025-10-24 01:02:28'),
(40, '24-1-0900', 'RODEL', 'MORADA', '24', 1, 1, '2025-10-24 01:02:28', '2025-10-24 01:02:28'),
(41, '24-1-2410', 'MECA-ELLA', 'MORETE', '24', 1, 1, '2025-10-24 01:02:28', '2025-10-24 01:02:28'),
(42, '24-1-0255', 'JIMELYN', 'NAGAL', '24', 1, 1, '2025-10-24 01:02:28', '2025-10-24 01:02:28'),
(43, '24-1-2439', 'JORIE', 'NAGALES', '24', 1, 1, '2025-10-24 01:02:28', '2025-10-24 01:02:28'),
(44, '24-1-2424', 'JHAMAICA', 'OCCIANO', '24', 1, 1, '2025-10-24 01:02:28', '2025-10-24 01:02:28'),
(45, '24-1-2435', 'RONIAN', 'ODAVAR', '24', 1, 1, '2025-10-24 01:02:28', '2025-10-24 01:02:28'),
(46, '24-1-2436', 'JOHN REX', 'OLTIVEROS', '24', 1, 1, '2025-10-24 01:02:28', '2025-10-24 01:02:28'),
(47, '24-1-0293', 'MARY JOY', 'PAZ', '24', 1, 1, '2025-10-24 01:02:28', '2025-10-24 01:02:28'),
(48, '24-1-0846', 'CHRISTIAN', 'PERIABRAS', '24', 1, 1, '2025-10-24 01:02:28', '2025-10-24 01:02:28'),
(49, '24-1-2460', 'RIC EDUARD', 'PESEBRE', '24', 1, 1, '2025-10-24 01:02:28', '2025-10-24 01:02:28'),
(50, '24-1-0803', 'NICOLE', 'POLLESCAS', '24', 1, 1, '2025-10-24 01:02:28', '2025-10-24 01:02:28'),
(51, '24-1-0836', 'MAY', 'PORBOLAN', '24', 1, 1, '2025-10-24 01:02:28', '2025-10-24 01:02:28'),
(52, '24-1-0300', 'BABY SHANE', 'RAMOS', '24', 1, 1, '2025-10-24 01:02:28', '2025-10-24 01:02:28'),
(53, '24-1-0301', 'JONALYN', 'RESARE', '24', 1, 1, '2025-10-24 01:02:28', '2025-10-24 01:02:28'),
(54, '24-1-1703', 'CRISTINE', 'SAIN', '24', 1, 1, '2025-10-24 01:02:28', '2025-10-24 01:02:28'),
(55, '24-1-2369', 'SHAKIRA MARIE', 'SARASPI', '24', 1, 1, '2025-10-24 01:02:28', '2025-10-24 01:02:28'),
(56, '24-1-2465', 'MARISOL JOY', 'SEDEÑO', '24', 1, 1, '2025-10-24 01:02:28', '2025-10-24 01:02:28'),
(57, '23-2-0007', 'LIZA', 'TALAGTAG', '23', 1, 1, '2025-10-24 01:02:28', '2025-10-24 01:02:28'),
(58, '24-1-1707', 'CRISTELLE JOY', 'TUONAN', '24', 1, 1, '2025-10-24 01:02:28', '2025-10-24 01:02:28'),
(59, '24-1-2414', 'JOHN REY', 'TURALDE', '24', 1, 1, '2025-10-24 01:02:28', '2025-10-24 01:02:28'),
(60, '24-1-2407', 'LOVELY', 'URBANA', '24', 1, 1, '2025-10-24 01:02:28', '2025-10-24 01:02:28'),
(61, '24-1-2412', 'CESAR JR.', 'VASQUEZ', '24', 1, 1, '2025-10-24 01:02:28', '2025-10-24 01:02:28'),
(62, '24-1-2367', 'MARK GIL', 'VERDEJO', '24', 1, 1, '2025-10-24 01:02:28', '2025-10-24 01:02:28'),
(63, '23-1-1451', 'JECEL', 'VILLAR', '23', 1, 1, '2025-10-24 01:02:28', '2025-10-24 01:02:28'),
(64, '24-1-2294', 'JOHN MARK', 'ABEROS', '24', 1, 2, '2025-10-24 01:02:28', '2025-10-24 01:02:28'),
(65, '24-1-2379', 'MICHELLE', 'AFANTE', '24', 1, 2, '2025-10-24 01:02:28', '2025-10-24 01:02:28'),
(66, '24-1-2462', 'LEAH', 'ALARCIO', '24', 1, 2, '2025-10-24 01:02:28', '2025-10-24 01:02:28'),
(67, '24-1-1752', 'JOSE MARI', 'AMOROSO', '24', 1, 2, '2025-10-24 01:02:28', '2025-10-24 01:02:28'),
(68, '23-1-2610', 'CRIZELE MAE', 'AMPONGAN', '23', 1, 2, '2025-10-24 01:02:28', '2025-10-24 01:02:28'),
(69, '24-1-2295', 'JIEZA MAE', 'ANDALIS', '24', 1, 2, '2025-10-24 01:02:28', '2025-10-24 01:02:28'),
(70, '24-1-1766', 'ALEXANDER', 'ARISPE', '24', 1, 2, '2025-10-24 01:02:28', '2025-10-24 01:02:28'),
(71, '24-1-1755', 'PRINCESS CLAIRE', 'AZUELA', '24', 1, 2, '2025-10-24 01:02:28', '2025-10-24 01:02:28'),
(72, '23-1-2249', 'JASMINE', 'BABOR', '23', 1, 2, '2025-10-24 01:02:28', '2025-10-24 01:02:28'),
(73, '24-1-1765', 'ROMEL', 'BACALSO', '24', 1, 2, '2025-10-24 01:02:28', '2025-10-24 01:02:28'),
(74, '24-1-1754', 'JOHN ALFRED', 'BACSAIN', '24', 1, 2, '2025-10-24 01:02:28', '2025-10-24 01:02:28'),
(75, '24-1-1761', 'GODWIN', 'BAESA', '24', 1, 2, '2025-10-24 01:02:28', '2025-10-24 01:02:28'),
(76, '24-1-2316', 'ASHLE', 'BAGALACSA', '24', 1, 2, '2025-10-24 01:02:28', '2025-10-24 01:02:28'),
(77, '21-A-2300', 'MARIA ANGELICA', 'BALBUENA', '21', 1, 2, '2025-10-24 01:02:28', '2025-10-24 01:02:28'),
(78, '24-1-0792', 'OJIE', 'BAÑEGA', '24', 1, 2, '2025-10-24 01:02:28', '2025-10-24 01:02:28'),
(79, '24-1-2304', 'RED JEAN', 'BARROGA', '24', 1, 2, '2025-10-24 01:02:28', '2025-10-24 01:02:28'),
(80, '24-1-1746', 'MA. VIRGINIA', 'BAYRANTE', '24', 1, 2, '2025-10-24 01:02:28', '2025-10-24 01:02:28'),
(81, '24-1-2307', 'MARIA SOFIA', 'BELCES', '24', 1, 2, '2025-10-24 01:02:28', '2025-10-24 01:02:28'),
(82, '24-1-2418', 'GUILIA IVY', 'BELDAD', '24', 1, 2, '2025-10-24 01:02:28', '2025-10-24 01:02:28'),
(83, '24-1-2312', 'MATHEW PAUL', 'BERDUL', '24', 1, 2, '2025-10-24 01:02:28', '2025-10-24 01:02:28'),
(84, '24-1-2455', 'ALEXIS', 'BERIÑA', '24', 1, 2, '2025-10-24 01:02:28', '2025-10-24 01:02:28'),
(85, '24-1-1763', 'NIÑA', 'BITAGARA', '24', 1, 2, '2025-10-24 01:02:28', '2025-10-24 01:02:28'),
(86, '24-1-1757', 'ALEZA MAE', 'BORELA', '24', 1, 2, '2025-10-24 01:02:28', '2025-10-24 01:02:28'),
(87, '23-1-1735', 'CHANDA MAE', 'BOSLON', '23', 1, 2, '2025-10-24 01:02:28', '2025-10-24 01:02:28'),
(88, '24-1-2302', 'SANDYLYN', 'BRESENIO', '24', 1, 2, '2025-10-24 01:02:28', '2025-10-24 01:02:28'),
(89, '24-1-1753', 'JONASH', 'BRICIA', '24', 1, 2, '2025-10-24 01:02:28', '2025-10-24 01:02:28'),
(90, '24-1-1751', 'MARIAN', 'BUSTARGA', '24', 1, 2, '2025-10-24 01:02:28', '2025-10-24 01:02:28'),
(91, '24-1-2422', 'VHEA', 'CARANDO', '24', 1, 2, '2025-10-24 01:02:28', '2025-10-24 01:02:28'),
(92, '24-1-2466', 'DIMPLE', 'CERDO', '24', 1, 2, '2025-10-24 01:02:28', '2025-10-24 01:02:28'),
(93, '24-1-2303', 'JESSA MAE', 'CORNELIO', '24', 1, 2, '2025-10-24 01:02:28', '2025-10-24 01:02:28'),
(94, '24-1-1748', 'IRIES DAVE', 'CORTEZ', '24', 1, 2, '2025-10-24 01:02:28', '2025-10-24 01:02:28'),
(95, '24-1-2446', 'ANDREW', 'DAGUS', '24', 1, 2, '2025-10-24 01:02:28', '2025-10-24 01:02:28'),
(96, '24-1-1726', 'LUDY MAE', 'DANCALAN', '24', 1, 2, '2025-10-24 01:02:28', '2025-10-24 01:02:28'),
(97, '24-1-2375', 'DIMPLE', 'DATO', '24', 1, 2, '2025-10-24 01:02:28', '2025-10-24 01:02:28'),
(98, '24-1-2315', 'CLAREBEL', 'DE LIMA', '24', 1, 2, '2025-10-24 01:02:28', '2025-10-24 01:02:28'),
(99, '24-1-2441', 'JOHN MARK', 'DECENA', '24', 1, 2, '2025-10-24 01:02:28', '2025-10-24 01:02:28'),
(100, '24-1-2440', 'TRINA', 'DECENA', '24', 1, 2, '2025-10-24 01:02:28', '2025-10-24 01:02:28'),
(101, '24-1-2305', 'EDGAR JR.', 'DELOS SANTOS', '24', 1, 2, '2025-10-24 01:02:28', '2025-10-24 01:02:28'),
(102, '24-1-2442', 'MOSES', 'DIMAIWAT', '24', 1, 2, '2025-10-24 01:02:28', '2025-10-24 01:02:28'),
(103, '24-1-1716', 'MA. ABEGAEL', 'EDROSO', '24', 1, 2, '2025-10-24 01:02:28', '2025-10-24 01:02:28'),
(104, '24-1-2464', 'NIÑA', 'ESPANTO', '24', 1, 2, '2025-10-24 01:02:28', '2025-10-24 01:02:28'),
(105, '24-1-2297', 'CJ GABRIEL', 'ESPIRITU', '24', 1, 2, '2025-10-24 01:02:28', '2025-10-24 01:02:28'),
(106, '23-1-1622', 'JADE ANN', 'FERANDEZ', '23', 1, 2, '2025-10-24 01:02:28', '2025-10-24 01:02:28'),
(107, '24-1-2417', 'JENNY', 'GABALFIN', '24', 1, 2, '2025-10-24 01:02:28', '2025-10-24 01:02:28'),
(108, '24-1-2292', 'KESTREL JOHN', 'GECAIN', '24', 1, 2, '2025-10-24 01:02:28', '2025-10-24 01:02:28'),
(109, '24-1-1749', 'CHRISTIAN', 'GONOWON', '24', 1, 2, '2025-10-24 01:02:28', '2025-10-24 01:02:28'),
(110, '24-1-2301', 'LARAH JOY', 'GONZALES', '24', 1, 2, '2025-10-24 01:02:28', '2025-10-24 01:02:28'),
(111, '24-1-1758', 'MADELENE', 'GUMAPANG', '24', 1, 2, '2025-10-24 01:02:28', '2025-10-24 01:02:28'),
(112, '24-1-1764', 'RALPH DAVE', 'HAPA', '24', 1, 2, '2025-10-24 01:02:28', '2025-10-24 01:02:28'),
(113, '24-1-2438', 'RENIEL', 'HOMBRE', '24', 1, 2, '2025-10-24 01:02:28', '2025-10-24 01:02:28'),
(114, '24-1-2299', 'DARL NHYL ADAM', 'IMPERIAL', '24', 1, 2, '2025-10-24 01:02:28', '2025-10-24 01:02:28'),
(115, '24-1-2386', 'LIZA', 'LAÑUZA', '24', 1, 2, '2025-10-24 01:02:28', '2025-10-24 01:02:28'),
(116, '24-1-2426', 'JOSHUA', 'LOPEZ', '24', 1, 2, '2025-10-24 01:02:28', '2025-10-24 01:02:28'),
(117, '24-1-2425', 'KYLA', 'MARQUEZ', '24', 1, 2, '2025-10-24 01:02:28', '2025-10-24 01:02:28'),
(118, '24-1-1727', 'SHERYL', 'MORILLO', '24', 1, 2, '2025-10-24 01:02:28', '2025-10-24 01:02:28'),
(119, '24-1-1725', 'RAYLYN ANGELU', 'NERON', '24', 1, 2, '2025-10-24 01:02:28', '2025-10-24 01:02:28'),
(120, '24-1-2374', 'CELINE MAE', 'NOMO', '24', 1, 2, '2025-10-24 01:02:28', '2025-10-24 01:02:28'),
(121, '23-1-2317', 'JOSHUA', 'OLASO', '23', 1, 2, '2025-10-24 01:02:28', '2025-10-24 01:02:28'),
(122, '24-1-2313', 'GRACE', 'OLIVA', '24', 1, 2, '2025-10-24 01:02:28', '2025-10-24 01:02:28'),
(123, '24-1-2293', 'ANNIE', 'OLLERES', '24', 1, 2, '2025-10-24 01:02:28', '2025-10-24 01:02:28'),
(124, '24-1-2467', 'MARK SANTI', 'ORALLO', '24', 1, 2, '2025-10-24 01:02:28', '2025-10-24 01:02:28'),
(125, '24-1-2306', 'REGGIE', 'ORIÑAS', '24', 1, 2, '2025-10-24 01:02:28', '2025-10-24 01:02:28'),
(126, '24-1-2443', 'ELLA MARIE', 'ORMILLO', '24', 1, 2, '2025-10-24 01:02:28', '2025-10-24 01:02:28'),
(127, '24-1-2300', 'MERYLL WYNETH', 'PONGAN', '24', 1, 2, '2025-10-24 01:02:28', '2025-10-24 01:02:28'),
(128, '24-1-1756', 'MARIANNE JANE', 'RAMOS', '24', 1, 2, '2025-10-24 01:02:28', '2025-10-24 01:02:28'),
(129, '24-1-2419', 'JAMIL', 'RAMOS', '24', 1, 2, '2025-10-24 01:02:28', '2025-10-24 01:02:28'),
(130, '24-1-1721', 'FLORENCE', 'TAGLE', '24', 1, 2, '2025-10-24 01:02:28', '2025-10-24 01:02:28'),
(131, '24-1-2384', 'JOAN', 'TAGSIM', '24', 1, 2, '2025-10-24 01:02:28', '2025-10-24 01:02:28'),
(132, '24-1-2428', 'ERICA MAE', 'TALAGTAG', '24', 1, 2, '2025-10-24 01:02:28', '2025-10-24 01:02:28'),
(133, '24-1-1720', 'LIZA', 'TEDERA', '24', 1, 2, '2025-10-24 01:02:28', '2025-10-24 01:02:28'),
(134, '24-1-2461', 'JHON ROBERT', 'TILO', '24', 1, 2, '2025-10-24 01:02:29', '2025-10-24 01:02:29'),
(135, '24-1-1718', 'LAURENCE HERNZ', 'TUNDAG', '24', 1, 2, '2025-10-24 01:02:29', '2025-10-24 01:02:29'),
(136, '24-1-2449', 'SOPHIE', 'VALENTINO', '24', 1, 2, '2025-10-24 01:02:29', '2025-10-24 01:02:29'),
(137, '24-1-1750', 'GABRIEL', 'VALIENTE', '24', 1, 2, '2025-10-24 01:02:29', '2025-10-24 01:02:29'),
(138, '24-1-2296', 'VINCENT JOHN', 'VARGAS', '24', 1, 2, '2025-10-24 01:02:29', '2025-10-24 01:02:29'),
(139, '24-1-2382', 'JOHN MARK', 'VELARDE', '24', 1, 2, '2025-10-24 01:02:29', '2025-10-24 01:02:29'),
(140, '24-1-2308', 'ROMY LYN', 'VELASCO', '24', 1, 2, '2025-10-24 01:02:29', '2025-10-24 01:02:29'),
(141, '24-1-2344', 'CLAIRE', 'ALBAR', '24', 1, 3, '2025-10-24 01:02:29', '2025-10-24 01:02:29'),
(142, '24-1-2328', 'JESSICA', 'AMITALA', '24', 1, 3, '2025-10-24 01:02:29', '2025-10-24 01:02:29'),
(143, '24-1-2360', 'SHAINA', 'ANI', '24', 1, 3, '2025-10-24 01:02:29', '2025-10-24 01:02:29'),
(144, '24-1-2388', 'JUSTIN', 'BAAL', '24', 1, 3, '2025-10-24 01:02:29', '2025-10-24 01:02:29'),
(145, '24-1-2387', 'KEDWIN EDDRICK', 'BAAL', '24', 1, 3, '2025-10-24 01:02:29', '2025-10-24 01:02:29'),
(146, '24-1-2469', 'TOMMY', 'BALILLA', '24', 1, 3, '2025-10-24 01:02:29', '2025-10-24 01:02:29'),
(147, '24-1-2353', 'JAYBOY', 'BATACAN', '24', 1, 3, '2025-10-24 01:02:29', '2025-10-24 01:02:29'),
(148, '24-1-2453', 'MA. LALAINE SAYANNE', 'BAUDIN', '24', 1, 3, '2025-10-24 01:02:29', '2025-10-24 01:02:29'),
(149, '24-1-2393', 'MICHAELA', 'BAUTISTA', '24', 1, 3, '2025-10-24 01:02:29', '2025-10-24 01:02:29'),
(150, '24-1-2364', 'JOHN PAUL', 'BAYTA', '24', 1, 3, '2025-10-24 01:02:29', '2025-10-24 01:02:29'),
(151, '24-1-2381', 'ANGELINE', 'BELIBER', '24', 1, 3, '2025-10-24 01:02:29', '2025-10-24 01:02:29'),
(152, '24-1-2348', 'JONH ANDRIE', 'BERNAS', '24', 1, 3, '2025-10-24 01:02:29', '2025-10-24 01:02:29'),
(153, '24-1-2325', 'ORLAN JOHN', 'BIBON', '24', 1, 3, '2025-10-24 01:02:29', '2025-10-24 01:02:29'),
(154, '24-1-2331', 'SHANE', 'BONITE', '24', 1, 3, '2025-10-24 01:02:29', '2025-10-24 01:02:29'),
(155, '24-1-2397', 'JASMINE', 'BRICENIO', '24', 1, 3, '2025-10-24 01:02:29', '2025-10-24 01:02:29'),
(156, '24-1-2927', 'RAFAEL', 'BRIZUELA', '24', 1, 3, '2025-10-24 01:02:29', '2025-10-24 01:02:29'),
(157, '24-1-2356', 'NICOLE MAE', 'BUENO', '24', 1, 3, '2025-10-24 01:02:29', '2025-10-24 01:02:29'),
(158, '24-1-2342', 'ANGELA MAE', 'BUFE', '24', 1, 3, '2025-10-24 01:02:29', '2025-10-24 01:02:29'),
(159, '24-1-2403', 'DONNA', 'CARABALLO', '24', 1, 3, '2025-10-24 01:02:29', '2025-10-24 01:02:29'),
(160, '24-1-2349', 'GENELYN', 'CERENO', '24', 1, 3, '2025-10-24 01:02:29', '2025-10-24 01:02:29'),
(161, '24-1-2456', 'JILLY', 'CHICA', '24', 1, 3, '2025-10-24 01:02:29', '2025-10-24 01:02:29'),
(162, '24-1-2401', 'JANELLE', 'CIANO', '24', 1, 3, '2025-10-24 01:02:29', '2025-10-24 01:02:29'),
(163, '24-1-2317', 'HAZEL ANN', 'COLICO', '24', 1, 3, '2025-10-24 01:02:29', '2025-10-24 01:02:29'),
(164, '23-1-1562', 'MA. CRISTINA', 'COLICO', '23', 1, 3, '2025-10-24 01:02:29', '2025-10-24 01:02:29'),
(165, '24-1-2358', 'J-ALDRICH', 'COMPUESTO', '24', 1, 3, '2025-10-24 01:02:29', '2025-10-24 01:02:29'),
(166, '24-1-2395', 'PRINCESS JOY', 'DANCALAN', '24', 1, 3, '2025-10-24 01:02:29', '2025-10-24 01:02:29'),
(167, '24-1-2332', 'MARIANE GRACE', 'DE LA CRUZ', '24', 1, 3, '2025-10-24 01:02:29', '2025-10-24 01:02:29'),
(168, '24-1-2347', 'MARIEL', 'DE LUMEN', '24', 1, 3, '2025-10-24 01:02:29', '2025-10-24 01:02:29'),
(169, '24-1-2326', 'VIVIAN', 'DELLA', '24', 1, 3, '2025-10-24 01:02:29', '2025-10-24 01:02:29'),
(170, '24-1-2390', 'ANTONETTE', 'EPRES', '24', 1, 3, '2025-10-24 01:02:29', '2025-10-24 01:02:29'),
(171, '24-1-2337', 'JAMELA', 'ESPIRITU', '24', 1, 3, '2025-10-24 01:02:29', '2025-10-24 01:02:29'),
(172, '24-1-2851', 'JOSHUA', 'FLORECE', '24', 1, 3, '2025-10-24 01:02:29', '2025-10-24 01:02:29'),
(173, '24-1-2343', 'MAR LEO', 'GONZALES', '24', 1, 3, '2025-10-24 01:02:29', '2025-10-24 01:02:29'),
(174, '24-1-2402', 'KYLE', 'IBARRETA', '24', 1, 3, '2025-10-24 01:02:29', '2025-10-24 01:02:29'),
(175, '24-1-2468', 'VENUS VHEMRHEY ISABEL', 'ILANO', '24', 1, 3, '2025-10-24 01:02:29', '2025-10-24 01:02:29'),
(176, '24-1-2354', 'MAILYN', 'LACUPA', '24', 1, 3, '2025-10-24 01:02:29', '2025-10-24 01:02:29'),
(177, '24-1-2322', 'KIM', 'LLORCA', '24', 1, 3, '2025-10-24 01:02:29', '2025-10-24 01:02:29'),
(178, '24-1-2457', 'SHYRA LEE', 'LOMA', '24', 1, 3, '2025-10-24 01:02:29', '2025-10-24 01:02:29'),
(179, '24-1-2394', 'PATRICK', 'MAALA', '24', 1, 3, '2025-10-24 01:02:29', '2025-10-24 01:02:29'),
(180, '21-A-1368', 'DANIELA', 'MACASAYA', '21', 1, 3, '2025-10-24 01:02:29', '2025-10-24 01:02:29'),
(181, '24-1-2333', 'MEREYSA', 'MALAZARTE', '24', 1, 3, '2025-10-24 01:02:29', '2025-10-24 01:02:29'),
(182, '24-1-2320', 'VENTURA JR.', 'MENDEZ', '24', 1, 3, '2025-10-24 01:02:29', '2025-10-24 01:02:29'),
(183, '24-1-2396', 'REA', 'NANGOROG', '24', 1, 3, '2025-10-24 01:02:29', '2025-10-24 01:02:29'),
(184, '24-1-2339', 'MARIA AYESA', 'NARON', '24', 1, 3, '2025-10-24 01:02:29', '2025-10-24 01:02:29'),
(185, '24-1-2336', 'IRISH JANE', 'NICOLAS', '24', 1, 3, '2025-10-24 01:02:29', '2025-10-24 01:02:29'),
(186, '24-1-2359', 'LORENZ', 'NOBLEFRANCA', '24', 1, 3, '2025-10-24 01:02:29', '2025-10-24 01:02:29'),
(187, '24-1-2340', 'LADELYN', 'NOEL', '24', 1, 3, '2025-10-24 01:02:29', '2025-10-24 01:02:29'),
(188, '24-1-2329', 'PRECIOUS ANN', 'OAFALLAS', '24', 1, 3, '2025-10-24 01:02:29', '2025-10-24 01:02:29'),
(189, '24-1-2404', 'KYLA', 'OBRERO', '24', 1, 3, '2025-10-24 01:02:29', '2025-10-24 01:02:29'),
(190, '24-1-2445', 'MARY GRACE', 'ODAVAR', '24', 1, 3, '2025-10-24 01:02:29', '2025-10-24 01:02:29'),
(191, '24-1-2405', 'MARIE FRANCE', 'OLBIS', '24', 1, 3, '2025-10-24 01:02:29', '2025-10-24 01:02:29'),
(192, '22-1-2358', 'HANNAH CHARINA', 'PALENCIA', '22', 1, 3, '2025-10-24 01:02:29', '2025-10-24 01:02:29'),
(193, '24-1-2355', 'JOHN BENEDICT', 'REYES', '24', 1, 3, '2025-10-24 01:02:29', '2025-10-24 01:02:29'),
(194, '24-1-2357', 'FRANCIS ELY', 'SABINORIO', '24', 1, 3, '2025-10-24 01:02:29', '2025-10-24 01:02:29'),
(195, '24-1-2454', 'RIZALYN', 'SAMPER', '24', 1, 3, '2025-10-24 01:02:29', '2025-10-24 01:02:29'),
(196, '24-1-2409', 'JOCEL', 'SAN MIGUEL', '24', 1, 3, '2025-10-24 01:02:29', '2025-10-24 01:02:29'),
(197, '24-1-2324', 'JEAN', 'SANCHEZ', '24', 1, 3, '2025-10-24 01:02:29', '2025-10-24 01:02:29'),
(198, '24-1-2338', 'SANDRA', 'SANGAL', '24', 1, 3, '2025-10-24 01:02:29', '2025-10-24 01:02:29'),
(199, '24-1-2330', 'MARJORIE', 'SELGA', '24', 1, 3, '2025-10-24 01:02:29', '2025-10-24 01:02:29'),
(200, '24-1-2363', 'CRISTY', 'SENDON', '24', 1, 3, '2025-10-24 01:02:29', '2025-10-24 01:02:29'),
(201, '24-1-2314', 'JOHN VINCENT', 'SERDAN', '24', 1, 3, '2025-10-24 01:02:29', '2025-10-24 01:02:29'),
(202, '24-1-2346', 'LAURENCIO II', 'SINFUEGO', '24', 1, 3, '2025-10-24 01:02:29', '2025-10-24 01:02:29'),
(203, '24-1-2399', 'JOCHELLE', 'SOROAN', '24', 1, 3, '2025-10-24 01:02:29', '2025-10-24 01:02:29'),
(204, '24-1-2345', 'RICA MAE', 'SORSONA', '24', 1, 3, '2025-10-24 01:02:29', '2025-10-24 01:02:29'),
(205, '24-1-2327', 'SHEENA MAE', 'TADURAN', '24', 1, 3, '2025-10-24 01:02:29', '2025-10-24 01:02:29'),
(206, '22-1-0758', 'PRINCESS MAE', 'TIRAO', '22', 1, 3, '2025-10-24 01:02:29', '2025-10-24 01:02:29'),
(207, '24-1-2361', 'BEATRIZ', 'VALIENTE', '24', 1, 3, '2025-10-24 01:02:29', '2025-10-24 01:02:29'),
(208, '24-1-2341', 'LOVELLE MYCA', 'VARGAS', '24', 1, 3, '2025-10-24 01:02:29', '2025-10-24 01:02:29'),
(209, '24-1-2365', 'ANGELA', 'VILLAMER', '24', 1, 3, '2025-10-24 01:02:29', '2025-10-24 01:02:29'),
(210, '03-049', 'JOY', 'ABAÑO', '3', 2, 5, '2025-10-24 01:02:29', '2025-10-24 01:02:29'),
(211, '23-1-0823', 'MARY JOY', 'AGATO', '23', 2, 5, '2025-10-24 01:02:29', '2025-10-24 01:02:29'),
(212, '23-1-1114', 'IVY JANE', 'AGRAVANTE', '23', 2, 5, '2025-10-24 01:02:29', '2025-10-24 01:02:29'),
(213, '23-1-0944', 'JANICKKA HAZYL', 'ALAMO', '23', 2, 5, '2025-10-24 01:02:29', '2025-10-24 01:02:29'),
(214, '23-1-2133', 'KRISTINE MAE', 'ALBAO', '23', 2, 5, '2025-10-24 01:02:29', '2025-10-24 01:02:29'),
(215, '23-1-2099', 'MA. JEHAN', 'ALBEZA', '23', 2, 5, '2025-10-24 01:02:29', '2025-10-24 01:02:29'),
(216, '23-1-2405', 'AJ MARWYN', 'ALVARO', '23', 2, 5, '2025-10-24 01:02:29', '2025-10-24 01:02:29'),
(217, '23-1-1872', 'MARIA ANGELICA', 'ANDALIS', '23', 2, 5, '2025-10-24 01:02:29', '2025-10-24 01:02:29'),
(218, '23-1-0541', 'SHERWINE MAE', 'ANDALIS', '23', 2, 5, '2025-10-24 01:02:29', '2025-10-24 01:02:29'),
(219, '23-1-1816', 'JOHN CARLO', 'AÑES', '23', 2, 5, '2025-10-24 01:02:29', '2025-10-24 01:02:29'),
(220, '23-1-1737', 'KRISTOFER HARVEY', 'BALANG', '23', 2, 5, '2025-10-24 01:02:29', '2025-10-24 01:02:29'),
(221, '22-1-1161', 'MARY JOY', 'BAÑAGA', '22', 2, 5, '2025-10-24 01:02:29', '2025-10-24 01:02:29'),
(222, '23-1-0641', 'OLIVER', 'BAÑARIA', '23', 2, 5, '2025-10-24 01:02:29', '2025-10-24 01:02:29'),
(223, '23-1-1138', 'ANGELICA', 'BARACENA', '23', 2, 5, '2025-10-24 01:02:29', '2025-10-24 01:02:29'),
(224, '23-1-1075', 'JESSICA ROSE', 'BAYDAL', '23', 2, 5, '2025-10-24 01:02:29', '2025-10-24 01:02:29'),
(225, '19-0035', 'ABEGAIL', 'BAYOS', '19', 2, 5, '2025-10-24 01:02:29', '2025-10-24 01:02:29'),
(226, '23-1-2518', 'JOVILYN', 'BEATRIZ', '23', 2, 5, '2025-10-24 01:02:29', '2025-10-24 01:02:29'),
(227, '23-1-1144', 'CIELO', 'BENGUA', '23', 2, 5, '2025-10-24 01:02:29', '2025-10-24 01:02:29'),
(228, '23-1-1911', 'YOJE GIANN', 'BEQUILLO', '23', 2, 5, '2025-10-24 01:02:29', '2025-10-24 01:02:29'),
(229, '23-1-1223', 'ROSE ANN MAE', 'BERSABAL', '23', 2, 5, '2025-10-24 01:02:30', '2025-10-24 01:02:30'),
(230, '23-1-1761', 'FREDY RICK', 'BOLANTE', '23', 2, 5, '2025-10-24 01:02:30', '2025-10-24 01:02:30'),
(231, '02-255', 'IVY MAE', 'BOLANTE', '2', 2, 5, '2025-10-24 01:02:30', '2025-10-24 01:02:30'),
(232, '23-1-1625', 'MARK GIL', 'BORELA', '23', 2, 5, '2025-10-24 01:02:30', '2025-10-24 01:02:30'),
(233, '23-1-1040', 'IRA MAY', 'BORETA', '23', 2, 5, '2025-10-24 01:02:30', '2025-10-24 01:02:30'),
(234, '23-1-1950', 'SHAIRA', 'BRACERO', '23', 2, 5, '2025-10-24 01:02:30', '2025-10-24 01:02:30'),
(235, '22-1-1892', 'JOE FRANCIS', 'BRICIA', '22', 2, 5, '2025-10-24 01:02:30', '2025-10-24 01:02:30'),
(236, '22-1-0909', 'CLINT JOSEPH', 'BRIONES', '22', 2, 5, '2025-10-24 01:02:30', '2025-10-24 01:02:30'),
(237, '23-1-1470', 'SHAIRA MAY', 'BUENA', '23', 2, 5, '2025-10-24 01:02:30', '2025-10-24 01:02:30'),
(238, '23-1-1039', 'LAIZA', 'BURCIA', '23', 2, 5, '2025-10-24 01:02:30', '2025-10-24 01:02:30'),
(239, '23-1-1112', 'JEAN PATRICIA', 'CABALTERA', '23', 2, 5, '2025-10-24 01:02:30', '2025-10-24 01:02:30'),
(240, '23-1-0527', 'CARLWIN', 'CALIBARA', '23', 2, 5, '2025-10-24 01:02:30', '2025-10-24 01:02:30'),
(241, '23-1-1747', 'JERIC', 'CALINGACION', '23', 2, 5, '2025-10-24 01:02:30', '2025-10-24 01:02:30'),
(242, '23-1-0914', 'MARK VINCENT', 'CAMASIS', '23', 2, 5, '2025-10-24 01:02:30', '2025-10-24 01:02:30'),
(243, '23-1-0979', 'MAYDEN', 'CEPE', '23', 2, 5, '2025-10-24 01:02:30', '2025-10-24 01:02:30'),
(244, '23-1-1770', 'ANN JELINE', 'CLEOFE', '23', 2, 5, '2025-10-24 01:02:30', '2025-10-24 01:02:30'),
(245, '23-1-1771', 'RACEL', 'CORNELIO', '23', 2, 5, '2025-10-24 01:02:30', '2025-10-24 01:02:30'),
(246, '23-1-0526', 'JIMMY JEAN PETER', 'CORTEZ', '23', 2, 5, '2025-10-24 01:02:30', '2025-10-24 01:02:30'),
(247, '23-1-1817', 'KEN GABRIEL', 'CUERDO', '23', 2, 5, '2025-10-24 01:02:30', '2025-10-24 01:02:30'),
(248, '23-1-1200', 'ERICH MAE', 'DE LIMA', '23', 2, 5, '2025-10-24 01:02:30', '2025-10-24 01:02:30'),
(249, '23-1-0540', 'JESSA', 'DE LIMA', '23', 2, 5, '2025-10-24 01:02:30', '2025-10-24 01:02:30'),
(250, '23-1-2415', 'RYAN', 'DE LIMA', '23', 2, 5, '2025-10-24 01:02:30', '2025-10-24 01:02:30'),
(251, '23-1-2176', 'JANNAH FEL', 'EBRON', '23', 2, 5, '2025-10-24 01:02:30', '2025-10-24 01:02:30'),
(252, '23-1-0917', 'STEPHANIE JOY', 'ELEGADO', '23', 2, 5, '2025-10-24 01:02:30', '2025-10-24 01:02:30'),
(253, '23-1-1115', 'JHASMIN SHANE', 'EMBUESTRO', '23', 2, 5, '2025-10-24 01:02:30', '2025-10-24 01:02:30'),
(254, '23-1-1088', 'KATRINA', 'ENRILE', '23', 2, 5, '2025-10-24 01:02:30', '2025-10-24 01:02:30'),
(255, '04-108', 'LYCA', 'ESPLANA', '4', 2, 5, '2025-10-24 01:02:30', '2025-10-24 01:02:30'),
(256, '23-1-2175', 'RITA MARIE', 'FLORES', '23', 2, 5, '2025-10-24 01:02:30', '2025-10-24 01:02:30'),
(257, '23-1-1785', 'ADRIAN', 'GALLEGO', '23', 2, 5, '2025-10-24 01:02:30', '2025-10-24 01:02:30'),
(258, '23-1-1768', 'DAPHNIE JANE', 'GARCIA', '23', 2, 5, '2025-10-24 01:02:30', '2025-10-24 01:02:30'),
(259, '23-1-2364', 'ANGELO', 'GASGAS', '23', 2, 5, '2025-10-24 01:02:30', '2025-10-24 01:02:30'),
(260, '23-1-2011', 'ZANDRA', 'GINES', '23', 2, 5, '2025-10-24 01:02:30', '2025-10-24 01:02:30'),
(261, '23-1-1748', 'CHE-CHE', 'GONZALES', '23', 2, 5, '2025-10-24 01:02:30', '2025-10-24 01:02:30'),
(262, '23-1-1605', 'KAREN', 'GONZALES', '23', 2, 5, '2025-10-24 01:02:30', '2025-10-24 01:02:30'),
(263, '23-1-0942', 'JANELLE', 'IGLESIA', '23', 2, 5, '2025-10-24 01:02:30', '2025-10-24 01:02:30'),
(264, '23-1-1306', 'JAYSON', 'LANDONG', '23', 2, 5, '2025-10-24 01:02:30', '2025-10-24 01:02:30'),
(265, '23-1-1428', 'MARVIN', 'LOMAPAG', '23', 2, 5, '2025-10-24 01:02:30', '2025-10-24 01:02:30'),
(266, '23-1-0538', 'CARL CHRISTIAN', 'LOQUIAS', '23', 2, 5, '2025-10-24 01:02:30', '2025-10-24 01:02:30'),
(267, '23-1-1445', 'JAY MARK', 'LOVITE', '23', 2, 5, '2025-10-24 01:02:30', '2025-10-24 01:02:30'),
(268, '22-1-0876', 'ERIKA', 'LUMABE', '22', 2, 5, '2025-10-24 01:02:30', '2025-10-24 01:02:30'),
(269, '23 -1 -1199', 'MARY GRACE', 'MAGISTRADO', '23', 2, 5, '2025-10-24 01:02:30', '2025-10-24 01:02:30'),
(270, '23-1-2232', 'GIBERT ANGELO', 'MALTO', '23', 2, 5, '2025-10-24 01:02:30', '2025-10-24 01:02:30'),
(271, '23-1-2292', 'DARON OSHAY', 'MARTINEZ', '23', 2, 5, '2025-10-24 01:02:30', '2025-10-24 01:02:30'),
(272, '23-1-2287', 'LOUIE JAY', 'MORALES', '23', 2, 5, '2025-10-24 01:02:30', '2025-10-24 01:02:30'),
(273, '23-1-0552', 'PRINCESS', 'NACARIO', '23', 2, 5, '2025-10-24 01:02:30', '2025-10-24 01:02:30'),
(274, '23-1-0539', 'JULIA ALLEH', 'NAGRAMPA', '23', 2, 5, '2025-10-24 01:02:30', '2025-10-24 01:02:30'),
(275, '23-1-2121', 'RALPH IAN', 'NANALE', '23', 2, 5, '2025-10-24 01:02:30', '2025-10-24 01:02:30'),
(276, '03-006', 'EDLYN', 'NANTEZA', '3', 2, 5, '2025-10-24 01:02:30', '2025-10-24 01:02:30'),
(277, '23-1-2211', 'ANEL', 'NAVALES', '23', 2, 5, '2025-10-24 01:02:30', '2025-10-24 01:02:30'),
(278, '23-1-2533', 'SHAINA MAE', 'NIEVA', '23', 2, 5, '2025-10-24 01:02:30', '2025-10-24 01:02:30'),
(279, '23-1-2034', 'MAE ANGELIE', 'NOBLE', '23', 2, 5, '2025-10-24 01:02:30', '2025-10-24 01:02:30'),
(280, '23-1-0562', 'DOMINGO III', 'NOBLEZA', '23', 2, 5, '2025-10-24 01:02:30', '2025-10-24 01:02:30'),
(281, '23-1-1225', 'ISAIAH EZEKIEL', 'OASNON', '23', 2, 5, '2025-10-24 01:02:30', '2025-10-24 01:02:30'),
(282, '23-1-1113', 'KEIN', 'PABALLA', '23', 2, 5, '2025-10-24 01:02:30', '2025-10-24 01:02:30'),
(283, '23-1-1297', 'JOMARSON', 'PADAYAO', '23', 2, 5, '2025-10-24 01:02:30', '2025-10-24 01:02:30'),
(284, '23-1-0640', 'RONUEL', 'PALENCIA', '23', 2, 5, '2025-10-24 01:02:30', '2025-10-24 01:02:30'),
(285, '23-1-1794', 'RAYMART', 'PAMPARO', '23', 2, 5, '2025-10-24 01:02:30', '2025-10-24 01:02:30'),
(286, '23-1-1077', 'ANGELO', 'PANAMBO', '23', 2, 5, '2025-10-24 01:02:30', '2025-10-24 01:02:30'),
(287, '23-1-0536', 'TRICIA CYTH', 'PAX', '23', 2, 5, '2025-10-24 01:02:30', '2025-10-24 01:02:30'),
(288, '23-1-1123', 'KRIS', 'PONTILLAS', '23', 2, 5, '2025-10-24 01:02:30', '2025-10-24 01:02:30'),
(289, '23-1-1606', 'CAYE', 'RAYTERAN', '23', 2, 5, '2025-10-24 01:02:30', '2025-10-24 01:02:30'),
(290, '23-1-1788', 'DONALYN ANNE', 'RECALDE', '23', 2, 5, '2025-10-24 01:02:30', '2025-10-24 01:02:30'),
(291, '23-1-0557', 'BEA GLAIZA', 'REMPILLO', '23', 2, 5, '2025-10-24 01:02:30', '2025-10-24 01:02:30'),
(292, '23-1-0543', 'DHAN LAURENCE', 'RULL', '23', 2, 5, '2025-10-24 01:02:30', '2025-10-24 01:02:30'),
(293, '23-1-2010', 'ERIC', 'SADANG', '23', 2, 5, '2025-10-24 01:02:30', '2025-10-24 01:02:30'),
(294, '22-1-1364', 'JOHN EXCEL', 'SALVADOR', '22', 2, 5, '2025-10-24 01:02:30', '2025-10-24 01:02:30'),
(295, '23-1-0537', 'ALTHEA', 'SAMILLANO', '23', 2, 5, '2025-10-24 01:02:30', '2025-10-24 01:02:30'),
(296, '23-1-1578', 'JOHN CLARENCE', 'SAN DIEGO', '23', 2, 5, '2025-10-24 01:02:30', '2025-10-24 01:02:30'),
(297, '23-1-0567', 'KC MAE', 'SIGALAT', '23', 2, 5, '2025-10-24 01:02:30', '2025-10-24 01:02:30'),
(298, '23-1-1124', 'MIGUEL', 'SORIBELLO', '23', 2, 5, '2025-10-24 01:02:30', '2025-10-24 01:02:30'),
(299, '23-1-0913', 'JHON VINCENT', 'STA. ANA', '23', 2, 5, '2025-10-24 01:02:30', '2025-10-24 01:02:30'),
(300, '23-1-0708', 'ANA MARIE', 'TAÑALA', '23', 2, 5, '2025-10-24 01:02:30', '2025-10-24 01:02:30'),
(301, '23-1-1773', 'EUNICE', 'TIRAO', '23', 2, 5, '2025-10-24 01:02:30', '2025-10-24 01:02:30'),
(302, '23-1-0551', 'SHIELA', 'TRANQUILLO', '23', 2, 5, '2025-10-24 01:02:30', '2025-10-24 01:02:30'),
(303, '23-1-1746', 'KIMBERLY', 'TUPAS', '23', 2, 5, '2025-10-24 01:02:30', '2025-10-24 01:02:30'),
(304, '23-1-1239', 'KURT MONDRIE', 'VERAS', '23', 2, 5, '2025-10-24 01:02:30', '2025-10-24 01:02:30'),
(305, '23-1-0711', 'IVAN JAY', 'VISITACION', '23', 2, 5, '2025-10-24 01:02:30', '2025-10-24 01:02:30'),
(306, '23-1-0865', 'MYLA', 'YALDUA', '23', 2, 5, '2025-10-24 01:02:30', '2025-10-24 01:02:30'),
(307, '23-1-2513', 'MARK KEVIN', 'ZABALA', '23', 2, 5, '2025-10-24 01:02:30', '2025-10-24 01:02:30'),
(308, '23-1-1780', 'ANDREA', 'ABINAL', '23', 2, 4, '2025-10-24 01:02:30', '2025-10-24 01:02:30'),
(309, '23-1-0164', 'JING JING', 'ACABADO', '23', 2, 4, '2025-10-24 01:02:30', '2025-10-24 01:02:30'),
(310, '18-0293', 'SARAH MAE', 'ADANTE', '18', 2, 4, '2025-10-24 01:02:30', '2025-10-24 01:02:30'),
(311, '22-1-0458', 'JODI MYLES', 'ALBIA', '22', 2, 4, '2025-10-24 01:02:30', '2025-10-24 01:02:30'),
(312, '23-1-0315', 'VINCENT', 'ALEMANIA', '23', 2, 4, '2025-10-24 01:02:30', '2025-10-24 01:02:30'),
(313, '21-A-0090', 'JULIE ANNE', 'ALFEREZ', '21', 2, 4, '2025-10-24 01:02:30', '2025-10-24 01:02:30'),
(314, '23-1-1540', 'JAMAICA MAE', 'ALFEREZ', '23', 2, 4, '2025-10-24 01:02:30', '2025-10-24 01:02:30'),
(315, '23-1-0162', 'JOHN NIEL', 'ALUSAN', '23', 2, 4, '2025-10-24 01:02:30', '2025-10-24 01:02:30'),
(316, '23-1-1965', 'JOSHUA', 'AMOROSO', '23', 2, 4, '2025-10-24 01:02:30', '2025-10-24 01:02:30'),
(317, '23-1-0178', 'CRISTY', 'BADILLA', '23', 2, 4, '2025-10-24 01:02:30', '2025-10-24 01:02:30'),
(318, '23-1-1751', 'MARC PAUL', 'BADIOLA', '23', 2, 4, '2025-10-24 01:02:30', '2025-10-24 01:02:30'),
(319, '23-1-0179', 'JONA', 'BADONG', '23', 2, 4, '2025-10-24 01:02:30', '2025-10-24 01:02:30'),
(320, '23-1-0324', 'ERICA', 'BANASTAO', '23', 2, 4, '2025-10-24 01:02:30', '2025-10-24 01:02:30'),
(321, '23-1-2379', 'MARK JOSEPH', 'BARAERO', '23', 2, 4, '2025-10-24 01:02:30', '2025-10-24 01:02:30'),
(322, '23-1-1142', 'AIRA JOY', 'BARDONADO', '23', 2, 4, '2025-10-24 01:02:30', '2025-10-24 01:02:30'),
(323, '23-1-0518', 'MA. LOWISA', 'BAYOS', '23', 2, 4, '2025-10-24 01:02:30', '2025-10-24 01:02:30'),
(324, '23-1-0161', 'CARREN', 'BERIÑA', '23', 2, 4, '2025-10-24 01:02:30', '2025-10-24 01:02:30'),
(325, '23-1-0521', 'ANGELIN', 'BIANDO', '23', 2, 4, '2025-10-24 01:02:31', '2025-10-24 01:02:31'),
(326, '23-1-0176', 'JUDE VINCENT', 'BIANDO', '23', 2, 4, '2025-10-24 01:02:31', '2025-10-24 01:02:31'),
(327, '23-1-1750', 'DHAREL', 'BICERA', '23', 2, 4, '2025-10-24 01:02:31', '2025-10-24 01:02:31'),
(328, '23-1- 0522', 'ELENOR', 'BOAQUIÑA', '23', 2, 4, '2025-10-24 01:02:31', '2025-10-24 01:02:31'),
(329, '23-1-0320', 'JONALYN', 'BOLALIN', '23', 2, 4, '2025-10-24 01:02:31', '2025-10-24 01:02:31'),
(330, '23-1-2537', 'AARON', 'BOLO', '23', 2, 4, '2025-10-24 01:02:31', '2025-10-24 01:02:31'),
(331, '23-1-0533', 'MA. RONALISA', 'BORSONG', '23', 2, 4, '2025-10-24 01:02:31', '2025-10-24 01:02:31'),
(332, '23-1-0321', 'ERIKA MAE', 'BRISENIO', '23', 2, 4, '2025-10-24 01:02:31', '2025-10-24 01:02:31'),
(333, '23-1-2122', 'ROMEL', 'BRUSAS', '23', 2, 4, '2025-10-24 01:02:31', '2025-10-24 01:02:31'),
(334, '23-1-0322', 'NELLY JANE', 'BUSTINERA', '23', 2, 4, '2025-10-24 01:02:31', '2025-10-24 01:02:31'),
(335, '25-1-2375', 'MILES JEVEN', 'CAMPILLOS', '25', 2, 4, '2025-10-24 01:02:31', '2025-10-24 01:02:31'),
(336, '23-1-0514', 'DEBBIE', 'CARABALLO', '23', 2, 4, '2025-10-24 01:02:31', '2025-10-24 01:02:31'),
(337, '23-1-0524', 'DESYREE', 'CARLOY', '23', 2, 4, '2025-10-24 01:02:31', '2025-10-24 01:02:31'),
(338, '23-1-1125', 'VINCE JOSEPH', 'CATANGUI', '23', 2, 4, '2025-10-24 01:02:31', '2025-10-24 01:02:31'),
(339, '22-1-0194', 'MARK SAMUEL', 'CODESAL', '22', 2, 4, '2025-10-24 01:02:31', '2025-10-24 01:02:31'),
(340, '23-1-0175', 'JOHN THOMAS', 'COLARINA', '23', 2, 4, '2025-10-24 01:02:31', '2025-10-24 01:02:31'),
(341, '23-1-0160', 'MA. ANGELICA', 'DE LIMA', '23', 2, 4, '2025-10-24 01:02:31', '2025-10-24 01:02:31'),
(342, '23-1-0520', 'RACHELLE', 'DE VILLA', '23', 2, 4, '2025-10-24 01:02:31', '2025-10-24 01:02:31'),
(343, '23-1-1998', 'PRINCE ANGELITO', 'FABIALA', '23', 2, 4, '2025-10-24 01:02:31', '2025-10-24 01:02:31'),
(344, '23-1-1633', 'CINDY', 'FELISMENIO', '23', 2, 4, '2025-10-24 01:02:31', '2025-10-24 01:02:31'),
(345, '23-1-0325', 'MA. LUISA JOY', 'FLORES', '23', 2, 4, '2025-10-24 01:02:31', '2025-10-24 01:02:31'),
(346, '23-1-0170', 'PRINCESS ELLAINE', 'FRANCISCO', '23', 2, 4, '2025-10-24 01:02:31', '2025-10-24 01:02:31'),
(347, '23-1-2007', 'VINCENT', 'HERNANDEZ', '23', 2, 4, '2025-10-24 01:02:31', '2025-10-24 01:02:31'),
(348, '23-1-1905', 'JOHN BENEDICT', 'IBALLAR', '23', 2, 4, '2025-10-24 01:02:31', '2025-10-24 01:02:31'),
(349, '23-1-0313', 'JONNA', 'LANIOG', '23', 2, 4, '2025-10-24 01:02:31', '2025-10-24 01:02:31'),
(350, '23-1-0181', 'VAN EVCELL', 'LLENO', '23', 2, 4, '2025-10-24 01:02:31', '2025-10-24 01:02:31'),
(351, '23-1-0173', 'FEMAROSE', 'MAHAIT', '23', 2, 4, '2025-10-24 01:02:31', '2025-10-24 01:02:31'),
(352, '23-1-0528', 'MAY ANN', 'MALATE', '23', 2, 4, '2025-10-24 01:02:31', '2025-10-24 01:02:31'),
(353, '23-1-0529', 'MARIA SON', 'NOE', '23', 2, 4, '2025-10-24 01:02:31', '2025-10-24 01:02:31'),
(354, '23-1-0326', 'JEAN ROSE', 'NOSIPEDA', '23', 2, 4, '2025-10-24 01:02:31', '2025-10-24 01:02:31'),
(355, '23-1-0525', 'KIMKERBY KYLA', 'PALENCIA', '23', 2, 4, '2025-10-24 01:02:31', '2025-10-24 01:02:31'),
(356, '23-1-1784', 'JOHN LAWRENCE', 'PATRICIO', '23', 2, 4, '2025-10-24 01:02:31', '2025-10-24 01:02:31'),
(357, '23-1-1497', 'RICO', 'PUSO', '23', 2, 4, '2025-10-24 01:02:31', '2025-10-24 01:02:31'),
(358, '23-1-0317', 'CARMELA', 'RAMOS', '23', 2, 4, '2025-10-24 01:02:31', '2025-10-24 01:02:31'),
(359, '23-1-1534', 'JAMES HAROLD VAN', 'RAMOS', '23', 2, 4, '2025-10-24 01:02:31', '2025-10-24 01:02:31'),
(360, '23-1-0177', 'SHAINA KAYE', 'REALIN', '23', 2, 4, '2025-10-24 01:02:31', '2025-10-24 01:02:31'),
(361, '23-1-2157', 'IRIS CRISTALYN', 'REGMALOS', '23', 2, 4, '2025-10-24 01:02:31', '2025-10-24 01:02:31'),
(362, '23-1-2153', 'ASHLEY', 'RITA', '23', 2, 4, '2025-10-24 01:02:31', '2025-10-24 01:02:31'),
(363, '03-079', 'ROSE ANN', 'RIVERA', '3', 2, 4, '2025-10-24 01:02:31', '2025-10-24 01:02:31'),
(364, '23-1-1725', 'MA. ELOISA LOU', 'RIVERA', '23', 2, 4, '2025-10-24 01:02:31', '2025-10-24 01:02:31'),
(365, '23-1-1727', 'BERNIE', 'ROMANILLOS', '23', 2, 4, '2025-10-24 01:02:31', '2025-10-24 01:02:31'),
(366, '23-1-1120', 'IAN', 'RULL', '23', 2, 4, '2025-10-24 01:02:31', '2025-10-24 01:02:31'),
(367, '23-1-1783', 'JANNA GERALDINE', 'SARION', '23', 2, 4, '2025-10-24 01:02:31', '2025-10-24 01:02:31'),
(368, '23-1-0516', 'ANGEL BRIGETH', 'SERDAN', '23', 2, 4, '2025-10-24 01:02:31', '2025-10-24 01:02:31'),
(369, '23-1-1690', 'DONNA MAE', 'SESNO', '23', 2, 4, '2025-10-24 01:02:31', '2025-10-24 01:02:31'),
(370, '23-1-1133', 'MA. DIANE', 'VELASCO', '23', 2, 4, '2025-10-24 01:02:31', '2025-10-24 01:02:31'),
(371, '21-A-1149', 'MARRY FE', 'VILLAMER', '21', 2, 4, '2025-10-24 01:02:31', '2025-10-24 01:02:31'),
(372, '23-1-1408', 'HUBERT', 'VILLARUEL', '23', 2, 4, '2025-10-24 01:02:31', '2025-10-24 01:02:31'),
(373, '23-1-1121', 'REY', 'ZANTUA', '23', 2, 4, '2025-10-24 01:02:31', '2025-10-24 01:02:31');

-- --------------------------------------------------------

--
-- Table structure for table `courses`
--

CREATE TABLE `courses` (
  `id` int NOT NULL,
  `course_name` varchar(60) COLLATE utf8mb4_unicode_ci NOT NULL
) ENGINE=InnoDB DEFAULT CHARSET=utf8mb4 COLLATE=utf8mb4_unicode_ci;

--
-- Dumping data for table `courses`
--

INSERT INTO `courses` (`id`, `course_name`) VALUES
(1, 'ACT'),
(2, 'BSIS');

-- --------------------------------------------------------

--
-- Table structure for table `departments`
--

CREATE TABLE `departments` (
  `ID` int NOT NULL,
  `DepartmentName` varchar(255) COLLATE utf8mb4_unicode_ci DEFAULT NULL,
  `created_at` timestamp NOT NULL DEFAULT CURRENT_TIMESTAMP,
  `updated_at` timestamp NOT NULL DEFAULT CURRENT_TIMESTAMP ON UPDATE CURRENT_TIMESTAMP
) ENGINE=InnoDB DEFAULT CHARSET=utf8mb4 COLLATE=utf8mb4_unicode_ci;

--
-- Dumping data for table `departments`
--

INSERT INTO `departments` (`ID`, `DepartmentName`, `created_at`, `updated_at`) VALUES
(14, 'College Department', '2024-02-22 00:16:36', '2024-02-22 00:19:50'),
(15, 'Senior High Department', '2024-02-22 00:16:47', '2024-02-22 00:20:02'),
(16, 'Technical Department', '2024-02-22 00:20:28', '2024-02-29 15:20:36');

-- --------------------------------------------------------

--
-- Table structure for table `events`
--

CREATE TABLE `events` (
  `id` int NOT NULL,
  `academic_year_id` int NOT NULL,
  `event_name` varchar(100) COLLATE utf8mb4_unicode_ci NOT NULL,
  `event_venue` varchar(100) COLLATE utf8mb4_unicode_ci NOT NULL,
  `description` varchar(120) COLLATE utf8mb4_unicode_ci NOT NULL,
  `event_date` date NOT NULL,
  `log_in` time NOT NULL,
  `log_out` time NOT NULL,
  `registrar_id` int NOT NULL,
  `created_at` timestamp NOT NULL DEFAULT CURRENT_TIMESTAMP,
  `updated_at` timestamp NOT NULL DEFAULT CURRENT_TIMESTAMP ON UPDATE CURRENT_TIMESTAMP
) ENGINE=InnoDB DEFAULT CHARSET=utf8mb4 COLLATE=utf8mb4_unicode_ci;

-- --------------------------------------------------------

--
-- Table structure for table `faculties`
--

CREATE TABLE `faculties` (
  `ID` int NOT NULL,
  `IdentificationNumber` varchar(100) COLLATE utf8mb4_unicode_ci NOT NULL,
  `FirstName` varchar(100) COLLATE utf8mb4_unicode_ci NOT NULL,
  `LastName` varchar(100) COLLATE utf8mb4_unicode_ci NOT NULL,
  `Email` varchar(100) COLLATE utf8mb4_unicode_ci NOT NULL,
  `DepartmentID` int DEFAULT NULL,
  `PositionID` int DEFAULT NULL,
  `created_at` timestamp NOT NULL DEFAULT CURRENT_TIMESTAMP,
  `updated_at` timestamp NOT NULL DEFAULT CURRENT_TIMESTAMP ON UPDATE CURRENT_TIMESTAMP
) ENGINE=InnoDB DEFAULT CHARSET=utf8mb4 COLLATE=utf8mb4_unicode_ci;

--
-- Dumping data for table `faculties`
--

INSERT INTO `faculties` (`ID`, `IdentificationNumber`, `FirstName`, `LastName`, `Email`, `DepartmentID`, `PositionID`, `created_at`, `updated_at`) VALUES
(81, '30000001', 'Jetro', 'Bagasala', 'ggs@gmail.com', 14, 1, '2024-03-07 16:40:52', '2024-03-09 01:20:53'),
(82, '2000003', 'amma', 'adada', 'anan@anann', 15, 5, '2024-03-07 16:40:52', '2024-03-09 12:10:06');

-- --------------------------------------------------------

--
-- Table structure for table `grades`
--

CREATE TABLE `grades` (
  `id` int NOT NULL,
  `grade_name` enum('11','12') COLLATE utf8mb4_unicode_ci NOT NULL
) ENGINE=InnoDB DEFAULT CHARSET=utf8mb4 COLLATE=utf8mb4_unicode_ci;

--
-- Dumping data for table `grades`
--

INSERT INTO `grades` (`id`, `grade_name`) VALUES
(1, '11'),
(2, '12');

-- --------------------------------------------------------

--
-- Table structure for table `levels`
--

CREATE TABLE `levels` (
  `id` int NOT NULL,
  `level_name` varchar(255) CHARACTER SET utf8mb4 COLLATE utf8mb4_unicode_ci NOT NULL
) ENGINE=InnoDB DEFAULT CHARSET=utf8mb4 COLLATE=utf8mb4_unicode_ci;

--
-- Dumping data for table `levels`
--

INSERT INTO `levels` (`id`, `level_name`) VALUES
(1, '2A'),
(2, '2B'),
(3, '2C'),
(4, '3A'),
(5, '3B');

-- --------------------------------------------------------

--
-- Table structure for table `positions`
--

CREATE TABLE `positions` (
  `ID` int NOT NULL,
  `PositionName` varchar(255) COLLATE utf8mb4_unicode_ci DEFAULT NULL,
  `created_at` timestamp NOT NULL DEFAULT CURRENT_TIMESTAMP,
  `updated_at` timestamp NOT NULL DEFAULT CURRENT_TIMESTAMP ON UPDATE CURRENT_TIMESTAMP
) ENGINE=InnoDB DEFAULT CHARSET=utf8mb4 COLLATE=utf8mb4_unicode_ci;

--
-- Dumping data for table `positions`
--

INSERT INTO `positions` (`ID`, `PositionName`, `created_at`, `updated_at`) VALUES
(1, 'Teacher', '2024-02-17 02:37:12', '2024-02-17 02:51:06'),
(5, 'Registrar', '2024-02-18 18:24:42', '2024-02-19 01:48:18');

-- --------------------------------------------------------

--
-- Table structure for table `sections`
--

CREATE TABLE `sections` (
  `id` int NOT NULL,
  `section_name` enum('A','B','C','D') COLLATE utf8mb4_unicode_ci NOT NULL
) ENGINE=InnoDB DEFAULT CHARSET=utf8mb4 COLLATE=utf8mb4_unicode_ci;

--
-- Dumping data for table `sections`
--

INSERT INTO `sections` (`id`, `section_name`) VALUES
(1, 'A'),
(2, 'B'),
(3, 'C'),
(4, 'D');

-- --------------------------------------------------------

--
-- Table structure for table `seniorhighstudents`
--

CREATE TABLE `seniorhighstudents` (
  `ID` int NOT NULL,
  `IdentificationNumber` varchar(100) COLLATE utf8mb4_unicode_ci NOT NULL,
  `FirstName` varchar(100) COLLATE utf8mb4_unicode_ci NOT NULL,
  `LastName` varchar(100) COLLATE utf8mb4_unicode_ci NOT NULL,
  `Email` varchar(100) COLLATE utf8mb4_unicode_ci NOT NULL,
  `StrandID` int NOT NULL,
  `GradeID` int NOT NULL,
  `SectionID` int NOT NULL,
  `created_at` timestamp NOT NULL DEFAULT CURRENT_TIMESTAMP,
  `updated_at` timestamp NOT NULL DEFAULT CURRENT_TIMESTAMP ON UPDATE CURRENT_TIMESTAMP
) ENGINE=InnoDB DEFAULT CHARSET=utf8mb4 COLLATE=utf8mb4_unicode_ci;

--
-- Dumping data for table `seniorhighstudents`
--

INSERT INTO `seniorhighstudents` (`ID`, `IdentificationNumber`, `FirstName`, `LastName`, `Email`, `StrandID`, `GradeID`, `SectionID`, `created_at`, `updated_at`) VALUES
(337, '3333333333', 'Anne ', 'Curtis', 'anne@gmail.com', 1, 1, 4, '2024-03-08 03:08:58', '2024-03-08 03:59:59'),
(338, '80949148268', 'Lila', 'Schmidt', 'lila.schmidt@example.com', 1, 2, 4, '2024-03-08 05:25:06', '2024-03-08 05:25:06'),
(339, '39020698951', 'James', 'King', 'james.king@example.com', 3, 1, 2, '2024-03-08 05:25:06', '2024-03-08 05:25:06'),
(340, '19538975680', 'Riley', 'Gonzalez', 'riley.gonzalez@example.com', 4, 2, 1, '2024-03-08 05:25:06', '2024-03-08 05:25:06'),
(341, '30605492748', 'Leo', 'Hawkins', 'leo.hawkins@example.com', 1, 1, 4, '2024-03-08 05:25:06', '2024-03-08 05:25:06'),
(342, '91706850734', 'Ella', 'Rivera', 'ella.rivera@example.com', 1, 1, 3, '2024-03-08 05:25:06', '2024-03-08 05:25:06'),
(343, '98157324089', 'Eva', 'Watkins', 'eva.watkins@example.com', 2, 2, 4, '2024-03-08 05:25:06', '2024-03-08 05:25:06'),
(344, '25307964851', 'Carter', 'Lee', 'carter.lee@example.com', 2, 1, 2, '2024-03-08 05:25:06', '2024-03-08 05:25:06'),
(345, '90534810726', 'Ethan', 'Franklin', 'ethan.franklin@example.com', 3, 2, 2, '2024-03-08 05:25:06', '2024-03-08 05:25:06'),
(346, '86492705318', 'Sofia', 'Bryant', 'sofia.bryant@example.com', 4, 2, 4, '2024-03-08 05:25:06', '2024-03-08 05:25:06'),
(347, '63847105982', 'Hudson', 'Chavez', 'hudson.chavez@example.com', 1, 1, 1, '2024-03-08 05:25:06', '2024-03-08 05:25:06'),
(348, '72509481637', 'Scarlett', 'Wagner', 'scarlett.wagner@example.com', 2, 2, 3, '2024-03-08 05:25:06', '2024-03-08 05:25:06'),
(349, '39218657409', 'Liam', 'Anderson', 'liam.anderson@example.com', 3, 2, 1, '2024-03-08 05:25:06', '2024-03-08 05:25:06'),
(350, '80719564328', 'Emma', 'Hernandez', 'emma.hernandez@example.com', 4, 1, 2, '2024-03-08 05:25:06', '2024-03-08 05:25:06'),
(351, '29186530748', 'Zoe', 'Knight', 'zoe.knight@example.com', 2, 2, 1, '2024-03-08 05:25:06', '2024-03-08 05:25:06'),
(352, '65847309152', 'Ava', 'Hansen', 'ava.hansen@example.com', 3, 1, 3, '2024-03-08 05:25:06', '2024-03-08 05:25:06'),
(353, '42931507826', 'Mila', 'Ramirez', 'mila.ramirez@example.com', 1, 2, 2, '2024-03-08 05:25:06', '2024-03-08 05:25:06'),
(354, '19623857094', 'Aiden', 'West', 'aiden.west@example.com', 4, 1, 4, '2024-03-08 05:25:06', '2024-03-08 05:25:06'),
(355, '36504879213', 'Elijah', 'Fowler', 'elijah.fowler@example.com', 1, 1, 2, '2024-03-08 05:25:06', '2024-03-08 05:25:06'),
(356, '50497321856', 'Harper', 'Daniels', 'harper.daniels@example.com', 2, 2, 2, '2024-03-08 05:25:06', '2024-03-08 05:25:06'),
(357, '27519863401', 'Luna', 'Mills', 'luna.mills@example.com', 3, 1, 1, '2024-03-08 05:25:06', '2024-03-08 05:25:06'),
(358, '76298134057', 'Benjamin', 'Ross', 'benjamin.ross@example.com', 4, 2, 3, '2024-03-08 05:25:06', '2024-03-08 05:25:06'),
(359, '61837405928', 'Lucas', 'Fletcher', 'lucas.fletcher@example.com', 1, 2, 1, '2024-03-08 05:25:06', '2024-03-08 05:25:06'),
(360, '10478395267', 'Avery', 'Owens', 'avery.owens@example.com', 2, 1, 4, '2024-03-08 05:25:06', '2024-03-08 05:25:06'),
(361, '73809154628', 'Layla', 'Porter', 'layla.porter@example.com', 3, 2, 4, '2024-03-08 05:25:06', '2024-03-08 05:25:06'),
(362, '42968713502', 'Mateo', 'Gardner', 'mateo.gardner@example.com', 4, 1, 3, '2024-03-08 05:25:06', '2024-03-08 05:25:06'),
(363, '73962105483', 'Lincoln', 'Stevens', 'lincoln.stevens@example.com', 1, 1, 1, '2024-03-08 05:25:06', '2024-03-08 05:25:06'),
(364, '48036271589', 'Mia', 'Holt', 'mia.holt@example.com', 2, 2, 3, '2024-03-08 05:25:06', '2024-03-08 05:25:06'),
(365, '57139028416', 'Axel', 'Barnes', 'axel.barnes@example.com', 3, 1, 4, '2024-03-08 05:25:06', '2024-03-08 05:25:06'),
(366, '62379105482', 'Liam', 'Page', 'liam.page@example.com', 4, 2, 1, '2024-03-08 05:25:06', '2024-03-08 05:25:06'),
(367, '29405718632', 'Jackson', 'Kennedy', 'jackson.kennedy@example.com', 1, 2, 3, '2024-03-08 05:25:06', '2024-03-08 05:25:06'),
(368, '70821395476', 'Aria', 'Crawford', 'aria.crawford@example.com', 2, 1, 1, '2024-03-08 05:25:06', '2024-03-08 05:25:06'),
(369, '84097531628', 'Elena', 'Adams', 'elena.adams@example.com', 3, 2, 2, '2024-03-08 05:25:06', '2024-03-08 05:25:06'),
(370, '50293781645', 'Aria', 'Pierce', 'aria.pierce@example.com', 4, 1, 4, '2024-03-08 05:25:06', '2024-03-08 05:25:06'),
(371, '42971638025', 'Scarlett', 'Fuller', 'scarlett.fuller@example.com', 1, 1, 4, '2024-03-08 05:25:06', '2024-03-08 05:25:06'),
(372, '13928750468', 'Lucas', 'Black', 'lucas.black@example.com', 2, 2, 2, '2024-03-08 05:25:06', '2024-03-08 05:25:06'),
(373, '83174609235', 'Sophia', 'Holmes', 'sophia.holmes@example.com', 3, 1, 3, '2024-03-08 05:25:06', '2024-03-08 05:25:06'),
(374, '50936187425', 'Chloe', 'Guzman', 'chloe.guzman@example.com', 4, 2, 1, '2024-03-08 05:25:06', '2024-03-08 05:25:06'),
(375, '71409582376', 'Grace', 'Stone', 'grace.stone@example.com', 1, 2, 3, '2024-03-08 05:25:06', '2024-03-08 05:25:06'),
(376, '62489057312', 'Olivia', 'Nichols', 'olivia.nichols@example.com', 2, 1, 2, '2024-03-08 05:25:06', '2024-03-08 05:25:06'),
(377, '95036182745', 'Zachary', 'Meyer', 'zachary.meyer@example.com', 3, 2, 4, '2024-03-08 05:25:06', '2024-03-08 05:25:06'),
(378, '21790583624', 'Natalie', 'Ford', 'natalie.ford@example.com', 4, 1, 1, '2024-03-08 05:25:06', '2024-03-08 05:25:06'),
(379, '58103976245', 'Jayden', 'Gilbert', 'jayden.gilbert@example.com', 1, 1, 3, '2024-03-08 05:25:06', '2024-03-08 05:25:06'),
(380, '62584907316', 'Amelia', 'Reynolds', 'amelia.reynolds@example.com', 2, 2, 4, '2024-03-08 05:25:06', '2024-03-08 05:25:06'),
(381, '49067251893', 'Aiden', 'Watson', 'aiden.watson@example.com', 3, 1, 1, '2024-03-08 05:25:06', '2024-03-08 05:25:06'),
(382, '61703948256', 'Aurora', 'Fernandez', 'aurora.fernandez@example.com', 1, 2, 4, '2024-03-08 05:25:06', '2024-03-08 05:25:06'),
(383, '39261580749', 'Eleanor', 'Mccoy', 'eleanor.mccoy@example.com', 2, 1, 1, '2024-03-08 05:25:06', '2024-03-08 05:25:06'),
(384, '90547218639', 'Levi', 'Ellis', 'levi.ellis@example.com', 3, 2, 3, '2024-03-08 05:25:06', '2024-03-08 05:25:06'),
(385, '47382195640', 'Leah', 'Gordon', 'leah.gordon@example.com', 4, 1, 4, '2024-03-08 05:25:06', '2024-03-08 05:25:06'),
(386, '73985204617', 'Liam', 'Richardson', 'liam.richardson@example.com', 1, 1, 2, '2024-03-08 05:25:06', '2024-03-08 05:25:06'),
(387, '61598472063', 'Mila', 'Curtis', 'mila.curtis@example.com', 2, 2, 3, '2024-03-08 05:25:06', '2024-03-08 05:25:06'),
(388, '37054921863', 'Scarlett', 'Patterson', 'scarlett.patterson@example.com', 3, 1, 4, '2024-03-08 05:25:06', '2024-03-08 05:25:06'),
(389, '64872093516', 'Emily', 'Mcdonald', 'emily.mcdonald@example.com', 4, 2, 1, '2024-03-08 05:25:06', '2024-03-08 05:25:06'),
(390, '49025731864', 'Luna', 'Jackson', 'luna.jackson@example.com', 1, 2, 3, '2024-03-08 05:25:06', '2024-03-08 05:25:06'),
(391, '73961058243', 'Mateo', 'Gomez', 'mateo.gomez@example.com', 2, 1, 1, '2024-03-08 05:25:06', '2024-03-08 05:25:06'),
(392, '83249716503', 'Avery', 'Perry', 'avery.perry@example.com', 3, 2, 4, '2024-03-08 05:25:06', '2024-03-08 05:25:06'),
(393, '50793284619', 'Mia', 'Richardson', 'mia.richardson@example.com', 4, 1, 1, '2024-03-08 05:25:06', '2024-03-08 05:25:06'),
(394, '42918567302', 'Lucas', 'Morris', 'lucas.morris@example.com', 1, 1, 3, '2024-03-08 05:25:06', '2024-03-08 05:25:06'),
(395, '72694053812', 'Layla', 'Harvey', 'layla.harvey@example.com', 2, 2, 4, '2024-03-08 05:25:06', '2024-03-08 05:25:06'),
(396, '51293708465', 'Jackson', 'Palmer', 'jackson.palmer@example.com', 3, 1, 1, '2024-03-08 05:25:06', '2024-03-08 05:25:06'),
(397, '74931025864', 'Charlotte', 'Hart', 'charlotte.hart@example.com', 4, 2, 2, '2024-03-08 05:25:07', '2024-03-08 05:25:07'),
(398, '43190728564', 'Levi', 'Garza', 'levi.garza@example.com', 1, 2, 4, '2024-03-08 05:25:07', '2024-03-08 05:25:07'),
(399, '68309517642', 'Ella', 'Arnold', 'ella.arnold@example.com', 2, 1, 1, '2024-03-08 05:25:07', '2024-03-08 05:25:07'),
(400, '51930784625', 'Wyatt', 'Oliver', 'wyatt.oliver@example.com', 3, 2, 3, '2024-03-08 05:25:07', '2024-03-08 05:25:07'),
(401, '74908263150', 'Aurora', 'Kim', 'aurora.kim@example.com', 4, 1, 4, '2024-03-08 05:25:07', '2024-03-08 05:25:07'),
(402, '69417853029', 'Evelyn', 'Brooks', 'evelyn.brooks@example.com', 1, 1, 2, '2024-03-08 05:25:07', '2024-03-08 05:25:07'),
(403, '50321968745', 'Sophia', 'Rogers', 'sophia.rogers@example.com', 2, 2, 3, '2024-03-08 05:25:07', '2024-03-08 05:25:07'),
(404, '31298540726', 'Zachary', 'Weaver', 'zachary.weaver@example.com', 3, 1, 4, '2024-03-08 05:25:07', '2024-03-08 05:25:07'),
(405, '64873209154', 'Chloe', 'Warren', 'chloe.warren@example.com', 4, 2, 1, '2024-03-08 05:25:07', '2024-03-08 05:25:07'),
(406, '51976420835', 'Harper', 'Henry', 'harper.henry@example.com', 2, 1, 4, '2024-03-08 05:25:07', '2024-03-08 05:25:07'),
(407, '69243057189', 'Ethan', 'Sullivan', 'ethan.sullivan@example.com', 3, 2, 1, '2024-03-08 05:25:07', '2024-03-08 05:25:07'),
(408, '43792650389', 'Avery', 'Vargas', 'avery.vargas@example.com', 2, 1, 2, '2024-03-08 05:25:07', '2024-03-17 12:51:19'),
(409, '42876509321', 'Liam', 'Fisher', 'liam.fisher@example.com', 1, 1, 4, '2024-03-08 05:25:07', '2024-03-08 05:25:07'),
(410, '59628730124', 'Emma', 'Mcdonald', 'emma.mcdonald@example.com', 2, 2, 1, '2024-03-08 05:25:07', '2024-03-08 05:25:07'),
(411, '31098725469', 'Oliver', 'Carpenter', 'oliver.carpenter@example.com', 3, 1, 3, '2024-03-08 05:25:07', '2024-03-08 05:25:07'),
(412, '79246105834', 'Aria', 'Bowman', 'aria.bowman@example.com', 4, 2, 4, '2024-03-08 05:25:07', '2024-03-08 05:25:07'),
(413, '40892763541', 'Levi', 'Ruiz', 'levi.ruiz@example.com', 1, 2, 2, '2024-03-08 05:25:07', '2024-03-08 05:25:07'),
(414, '68703154289', 'Sophia', 'Hansen', 'sophia.hansen@example.com', 2, 1, 3, '2024-03-08 05:25:07', '2024-03-08 05:25:07'),
(415, '64297503148', 'Jackson', 'Wagner', 'jackson.wagner@example.com', 3, 2, 4, '2024-03-08 05:25:07', '2024-03-08 05:25:07');

-- --------------------------------------------------------

--
-- Table structure for table `strands`
--

CREATE TABLE `strands` (
  `id` int NOT NULL,
  `strand_name` varchar(60) COLLATE utf8mb4_unicode_ci NOT NULL
) ENGINE=InnoDB DEFAULT CHARSET=utf8mb4 COLLATE=utf8mb4_unicode_ci;

--
-- Dumping data for table `strands`
--

INSERT INTO `strands` (`id`, `strand_name`) VALUES
(1, 'ABM'),
(2, 'GAS'),
(3, 'STEM'),
(4, 'HUMMS'),
(5, 'TVL');

-- --------------------------------------------------------

--
-- Table structure for table `users`
--

CREATE TABLE `users` (
  `id` int NOT NULL,
  `firstname` varchar(255) COLLATE utf8mb4_unicode_ci NOT NULL,
  `lastname` varchar(255) COLLATE utf8mb4_unicode_ci NOT NULL,
  `email` varchar(100) COLLATE utf8mb4_unicode_ci NOT NULL,
  `username` varchar(255) COLLATE utf8mb4_unicode_ci NOT NULL,
  `password` varchar(255) COLLATE utf8mb4_unicode_ci NOT NULL,
  `status` enum('active','inactive') COLLATE utf8mb4_unicode_ci NOT NULL,
  `user_type_id` int NOT NULL,
  `created_at` timestamp NOT NULL DEFAULT CURRENT_TIMESTAMP,
  `updated_at` timestamp NOT NULL DEFAULT CURRENT_TIMESTAMP ON UPDATE CURRENT_TIMESTAMP
) ENGINE=InnoDB DEFAULT CHARSET=utf8mb4 COLLATE=utf8mb4_unicode_ci;

--
-- Dumping data for table `users`
--

INSERT INTO `users` (`id`, `firstname`, `lastname`, `email`, `username`, `password`, `status`, `user_type_id`, `created_at`, `updated_at`) VALUES
(1, 'Jetro', 'Bagasala', 'jet@gmail.com', 'Admin', 'Admin123', 'active', 1, '2024-02-14 06:53:14', '2024-03-24 04:13:55'),
(28, 'Michael', 'Bañaria', 'mike@sample.com', 'Mike', 'mike123', 'active', 2, '2024-02-29 03:43:08', '2025-10-24 02:36:26');

-- --------------------------------------------------------

--
-- Table structure for table `user_types`
--

CREATE TABLE `user_types` (
  `id` int NOT NULL,
  `name` varchar(255) COLLATE utf8mb4_unicode_ci NOT NULL,
  `created_at` timestamp NOT NULL DEFAULT CURRENT_TIMESTAMP,
  `updated_at` timestamp NULL DEFAULT CURRENT_TIMESTAMP ON UPDATE CURRENT_TIMESTAMP
) ENGINE=InnoDB DEFAULT CHARSET=utf8mb4 COLLATE=utf8mb4_unicode_ci;

--
-- Dumping data for table `user_types`
--

INSERT INTO `user_types` (`id`, `name`, `created_at`, `updated_at`) VALUES
(1, 'Administrator', '2024-02-14 06:49:34', NULL),
(2, 'Registrar', '2024-02-14 06:49:34', NULL);

--
-- Indexes for dumped tables
--

--
-- Indexes for table `academic_years`
--
ALTER TABLE `academic_years`
  ADD PRIMARY KEY (`id`),
  ADD UNIQUE KEY `academic_year` (`academic_year`);

--
-- Indexes for table `attendance`
--
ALTER TABLE `attendance`
  ADD PRIMARY KEY (`id`),
  ADD KEY `college_student_id` (`college_student_id`),
  ADD KEY `senior_high_student_id` (`senior_high_student_id`),
  ADD KEY `faculty_id` (`faculty_id`),
  ADD KEY `event_id` (`event_id`);

--
-- Indexes for table `collegestudents`
--
ALTER TABLE `collegestudents`
  ADD PRIMARY KEY (`ID`),
  ADD KEY `fk_course_id` (`CourseID`),
  ADD KEY `fk_level_id` (`LevelID`);

--
-- Indexes for table `courses`
--
ALTER TABLE `courses`
  ADD PRIMARY KEY (`id`);

--
-- Indexes for table `departments`
--
ALTER TABLE `departments`
  ADD PRIMARY KEY (`ID`),
  ADD UNIQUE KEY `DepartmentName` (`DepartmentName`);

--
-- Indexes for table `events`
--
ALTER TABLE `events`
  ADD PRIMARY KEY (`id`),
  ADD KEY `academic_year_id` (`academic_year_id`),
  ADD KEY `registrar_id` (`registrar_id`);

--
-- Indexes for table `faculties`
--
ALTER TABLE `faculties`
  ADD PRIMARY KEY (`ID`),
  ADD UNIQUE KEY `IdentificationNumber` (`IdentificationNumber`),
  ADD UNIQUE KEY `Email` (`Email`),
  ADD KEY `faculties_ibfk_1` (`DepartmentID`),
  ADD KEY `faculties_ibfk_2` (`PositionID`);

--
-- Indexes for table `grades`
--
ALTER TABLE `grades`
  ADD PRIMARY KEY (`id`);

--
-- Indexes for table `levels`
--
ALTER TABLE `levels`
  ADD PRIMARY KEY (`id`);

--
-- Indexes for table `positions`
--
ALTER TABLE `positions`
  ADD PRIMARY KEY (`ID`),
  ADD UNIQUE KEY `PositionName` (`PositionName`);

--
-- Indexes for table `sections`
--
ALTER TABLE `sections`
  ADD PRIMARY KEY (`id`);

--
-- Indexes for table `seniorhighstudents`
--
ALTER TABLE `seniorhighstudents`
  ADD PRIMARY KEY (`ID`),
  ADD KEY `fk_grade_id` (`GradeID`),
  ADD KEY `fk_section_id` (`SectionID`),
  ADD KEY `fk_strand_id` (`StrandID`);

--
-- Indexes for table `strands`
--
ALTER TABLE `strands`
  ADD PRIMARY KEY (`id`);

--
-- Indexes for table `users`
--
ALTER TABLE `users`
  ADD PRIMARY KEY (`id`),
  ADD UNIQUE KEY `username` (`username`),
  ADD UNIQUE KEY `email` (`email`),
  ADD UNIQUE KEY `email_2` (`email`),
  ADD KEY `user_type_id` (`user_type_id`);

--
-- Indexes for table `user_types`
--
ALTER TABLE `user_types`
  ADD PRIMARY KEY (`id`);

--
-- AUTO_INCREMENT for dumped tables
--

--
-- AUTO_INCREMENT for table `academic_years`
--
ALTER TABLE `academic_years`
  MODIFY `id` int NOT NULL AUTO_INCREMENT, AUTO_INCREMENT=112;

--
-- AUTO_INCREMENT for table `attendance`
--
ALTER TABLE `attendance`
  MODIFY `id` int NOT NULL AUTO_INCREMENT;

--
-- AUTO_INCREMENT for table `collegestudents`
--
ALTER TABLE `collegestudents`
  MODIFY `ID` int NOT NULL AUTO_INCREMENT, AUTO_INCREMENT=374;

--
-- AUTO_INCREMENT for table `courses`
--
ALTER TABLE `courses`
  MODIFY `id` int NOT NULL AUTO_INCREMENT, AUTO_INCREMENT=5;

--
-- AUTO_INCREMENT for table `departments`
--
ALTER TABLE `departments`
  MODIFY `ID` int NOT NULL AUTO_INCREMENT, AUTO_INCREMENT=26;

--
-- AUTO_INCREMENT for table `events`
--
ALTER TABLE `events`
  MODIFY `id` int NOT NULL AUTO_INCREMENT;

--
-- AUTO_INCREMENT for table `faculties`
--
ALTER TABLE `faculties`
  MODIFY `ID` int NOT NULL AUTO_INCREMENT, AUTO_INCREMENT=83;

--
-- AUTO_INCREMENT for table `grades`
--
ALTER TABLE `grades`
  MODIFY `id` int NOT NULL AUTO_INCREMENT, AUTO_INCREMENT=3;

--
-- AUTO_INCREMENT for table `levels`
--
ALTER TABLE `levels`
  MODIFY `id` int NOT NULL AUTO_INCREMENT, AUTO_INCREMENT=6;

--
-- AUTO_INCREMENT for table `positions`
--
ALTER TABLE `positions`
  MODIFY `ID` int NOT NULL AUTO_INCREMENT, AUTO_INCREMENT=9;

--
-- AUTO_INCREMENT for table `sections`
--
ALTER TABLE `sections`
  MODIFY `id` int NOT NULL AUTO_INCREMENT, AUTO_INCREMENT=5;

--
-- AUTO_INCREMENT for table `seniorhighstudents`
--
ALTER TABLE `seniorhighstudents`
  MODIFY `ID` int NOT NULL AUTO_INCREMENT, AUTO_INCREMENT=417;

--
-- AUTO_INCREMENT for table `strands`
--
ALTER TABLE `strands`
  MODIFY `id` int NOT NULL AUTO_INCREMENT, AUTO_INCREMENT=6;

--
-- AUTO_INCREMENT for table `users`
--
ALTER TABLE `users`
  MODIFY `id` int NOT NULL AUTO_INCREMENT, AUTO_INCREMENT=37;

--
-- AUTO_INCREMENT for table `user_types`
--
ALTER TABLE `user_types`
  MODIFY `id` int NOT NULL AUTO_INCREMENT, AUTO_INCREMENT=3;

--
-- Constraints for dumped tables
--

--
-- Constraints for table `events`
--
ALTER TABLE `events`
  ADD CONSTRAINT `events_ibfk_3` FOREIGN KEY (`academic_year_id`) REFERENCES `academic_years` (`id`) ON DELETE CASCADE ON UPDATE CASCADE,
  ADD CONSTRAINT `events_ibfk_5` FOREIGN KEY (`registrar_id`) REFERENCES `users` (`id`) ON DELETE CASCADE ON UPDATE CASCADE;

--
-- Constraints for table `faculties`
--
ALTER TABLE `faculties`
  ADD CONSTRAINT `faculties_ibfk_1` FOREIGN KEY (`DepartmentID`) REFERENCES `departments` (`ID`) ON DELETE CASCADE ON UPDATE CASCADE,
  ADD CONSTRAINT `faculties_ibfk_2` FOREIGN KEY (`PositionID`) REFERENCES `positions` (`ID`) ON DELETE CASCADE ON UPDATE CASCADE;

--
-- Constraints for table `seniorhighstudents`
--
ALTER TABLE `seniorhighstudents`
  ADD CONSTRAINT `fk_grade_id` FOREIGN KEY (`GradeID`) REFERENCES `grades` (`id`),
  ADD CONSTRAINT `fk_section_id` FOREIGN KEY (`SectionID`) REFERENCES `sections` (`id`),
  ADD CONSTRAINT `fk_strand_id` FOREIGN KEY (`StrandID`) REFERENCES `strands` (`id`);

--
-- Constraints for table `users`
--
ALTER TABLE `users`
  ADD CONSTRAINT `users_ibfk_1` FOREIGN KEY (`user_type_id`) REFERENCES `user_types` (`id`);
COMMIT;

/*!40101 SET CHARACTER_SET_CLIENT=@OLD_CHARACTER_SET_CLIENT */;
/*!40101 SET CHARACTER_SET_RESULTS=@OLD_CHARACTER_SET_RESULTS */;
/*!40101 SET COLLATION_CONNECTION=@OLD_COLLATION_CONNECTION */;
